ds,y
2017-01-01,0.0
2017-01-02,0.0
2017-01-03,0.0
2017-01-04,0.0
2017-01-05,707.27
2017-01-06,988.28
2017-01-07,1447.99
2017-01-08,809.63
2017-01-09,774.51
2017-01-10,1571.17
2017-01-11,2098.78
2017-01-12,1720.3500000000001
2017-01-13,2780.7200000000003
2017-01-14,1507.36
2017-01-15,2551.34
2017-01-16,3668.38
2017-01-17,3893.61
2017-01-18,3811.68
2017-01-19,4140.16
2017-01-20,4656.05
2017-01-21,3094.76
2017-01-22,4141.87
2017-01-23,7355.98
2017-01-24,5954.18
2017-01-25,9309.87
2017-01-26,14824.8
2017-01-27,12575.14
2017-01-28,5736.98
2017-01-29,7160.66
2017-01-30,11290.93
2017-01-31,11937.67
2017-02-01,8846.34
2017-02-02,10483.77
2017-02-03,10797.07
2017-02-04,15687.35
2017-02-05,10035.21
2017-02-06,10955.35
2017-02-07,16020.23
2017-02-08,13874.75
2017-02-09,10652.98
2017-02-10,14802.68
2017-02-11,5233.15
2017-02-12,16389.82
2017-02-13,12174.71
2017-02-14,13151.26
2017-02-15,7817.59
2017-02-16,6842.42
2017-02-17,8059.2
2017-02-18,8456.59
2017-02-19,4195.81
2017-02-20,9023.33
2017-02-21,9006.16
2017-02-22,8143.76
2017-02-23,7792.79
2017-02-24,7855.98
2017-02-25,4347.75
2017-02-26,6251.14
2017-02-27,6727.34
2017-02-28,11999.21
2017-03-01,14292.91
2017-03-02,12575.46
2017-03-03,13919.14
2017-03-04,10518.02
2017-03-05,8182.29
2017-03-06,10983.08
2017-03-07,13275.21
2017-03-08,14980.39
2017-03-09,13441.65
2017-03-10,14107.78
2017-03-11,12473.31
2017-03-12,7711.89
2017-03-13,18732.91
2017-03-14,16261.88
2017-03-15,16928.73
2017-03-16,16492.77
2017-03-17,13611.279999999999
2017-03-18,17943.07
2017-03-19,7728.08
2017-03-20,19381.57
2017-03-21,13166.64
2017-03-22,16390.14
2017-03-23,18707.84
2017-03-24,11620.23
2017-03-25,10951.62
2017-03-26,7356.91
2017-03-27,18583.57
2017-03-28,13969.380000000001
2017-03-29,9805.42
2017-03-30,11172.34
2017-03-31,13712.76
2017-04-01,19053.91
2017-04-02,10608.62
2017-04-03,10653.630000000001
2017-04-04,14152.99
2017-04-05,20080.09
2017-04-06,20992.99
2017-04-07,14649.86
2017-04-08,9988.15
2017-04-09,9247.03
2017-04-10,13321.95
2017-04-11,8482.72
2017-04-12,9220.27
2017-04-13,11216.11
2017-04-14,8326.42
2017-04-15,9324.47
2017-04-16,6532.21
2017-04-17,9277.43
2017-04-18,23433.86
2017-04-19,13941.25
2017-04-20,15439.44
2017-04-21,10141.81
2017-04-22,14889.7
2017-04-23,11506.539999999999
2017-04-24,15521.48
2017-04-25,16967.079999999998
2017-04-26,18118.2
2017-04-27,11611.75
2017-04-28,17975.47
2017-04-29,13633.57
2017-04-30,9289.56
2017-05-01,14043.11
2017-05-02,20308.14
2017-05-03,12155.48
2017-05-04,15778.17
2017-05-05,16114.52
2017-05-06,18466.31
2017-05-07,18940.22
2017-05-08,18889.49
2017-05-09,23556.19
2017-05-10,22926.48
2017-05-11,21172.03
2017-05-12,14474.45
2017-05-13,10429.33
2017-05-14,17209.0
2017-05-15,21195.98
2017-05-16,24213.16
2017-05-17,21217.81
2017-05-18,20861.79
2017-05-19,20995.07
2017-05-20,12310.07
2017-05-21,20287.64
2017-05-22,27377.73
2017-05-23,20019.6
2017-05-24,26624.39
2017-05-25,17431.59
2017-05-26,12246.38
2017-05-27,15589.44
2017-05-28,11120.71
2017-05-29,21774.91
2017-05-30,15763.66
2017-05-31,22613.57
2017-06-01,21749.38
2017-06-02,21060.93
2017-06-03,12232.84
2017-06-04,15898.48
2017-06-05,26221.82
2017-06-06,16340.16
2017-06-07,15397.67
2017-06-08,22053.23
2017-06-09,18594.34
2017-06-10,9603.6
2017-06-11,16461.5
2017-06-12,17240.25
2017-06-13,16387.27
2017-06-14,23407.11
2017-06-15,14820.47
2017-06-16,14673.210000000001
2017-06-17,12474.050000000001
2017-06-18,17584.14
2017-06-19,25849.71
2017-06-20,14069.74
2017-06-21,7275.1
2017-06-22,10394.48
2017-06-23,15422.94
2017-06-24,10013.7
2017-06-25,20360.65
2017-06-26,14871.13
2017-06-27,19609.72
2017-06-28,16973.66
2017-06-29,14276.78
2017-06-30,14750.449999999999
2017-07-01,14139.0
2017-07-02,13677.46
2017-07-03,19203.9
2017-07-04,17940.64
2017-07-05,23844.87
2017-07-06,24860.9
2017-07-07,15764.14
2017-07-08,11897.07
2017-07-09,9915.73
2017-07-10,20397.34
2017-07-11,23591.05
2017-07-12,22288.2
2017-07-13,17902.73
2017-07-14,21665.78
2017-07-15,13128.05
2017-07-16,15540.84
2017-07-17,25364.56
2017-07-18,32202.43
2017-07-19,19418.06
2017-07-20,21187.91
2017-07-21,14917.53
2017-07-22,13279.2
2017-07-23,14005.72
2017-07-24,21300.63
2017-07-25,19855.29
2017-07-26,13586.74
2017-07-27,18440.82
2017-07-28,23191.14
2017-07-29,17788.66
2017-07-30,14535.74
2017-07-31,20209.87
2017-08-01,25109.49
2017-08-02,20832.13
2017-08-03,21257.46
2017-08-04,21320.32
2017-08-05,14282.710000000001
2017-08-06,15305.72
2017-08-07,26629.34
2017-08-08,21541.13
2017-08-09,23752.27
2017-08-10,23196.09
2017-08-11,22193.9
2017-08-12,14930.04
2017-08-13,14405.43
2017-08-14,21277.16
2017-08-15,27128.46
2017-08-16,24728.02
2017-08-17,21116.33
2017-08-18,20025.87
2017-08-19,15086.02
2017-08-20,14955.17
2017-08-21,25659.09
2017-08-22,19680.579999999998
2017-08-23,18593.79
2017-08-24,16094.41
2017-08-25,16860.83
2017-08-26,11996.64
2017-08-27,15462.99
2017-08-28,24998.96
2017-08-29,36458.7
2017-08-30,34590.27
2017-08-31,22949.989999999998
2017-09-01,31895.0
2017-09-02,20479.18
2017-09-03,30749.17
2017-09-04,28385.22
2017-09-05,24335.29
2017-09-06,28304.19
2017-09-07,19096.76
2017-09-08,14161.87
2017-09-09,17681.22
2017-09-10,20041.510000000002
2017-09-11,26916.45
2017-09-12,31987.63
2017-09-13,31601.2
2017-09-14,26199.83
2017-09-15,21193.36
2017-09-16,21864.87
2017-09-17,22826.04
2017-09-18,32016.39
2017-09-19,22906.86
2017-09-20,25726.43
2017-09-21,21528.2
2017-09-22,18456.2
2017-09-23,11570.58
2017-09-24,15371.22
2017-09-25,20501.94
2017-09-26,25146.46
2017-09-27,24083.23
2017-09-28,26240.8
2017-09-29,33576.53
2017-09-30,13777.77
2017-10-01,21048.67
2017-10-02,25178.3
2017-10-03,29694.13
2017-10-04,24787.579999999998
2017-10-05,28373.15
2017-10-06,19924.420000000002
2017-10-07,17342.89
2017-10-08,19424.09
2017-10-09,33476.11
2017-10-10,31450.93
2017-10-11,24683.19
2017-10-12,21764.23
2017-10-13,25707.8
2017-10-14,16131.48
2017-10-15,21097.05
2017-10-16,34720.19
2017-10-17,34350.73
2017-10-18,31501.88
2017-10-19,26815.72
2017-10-20,21471.4
2017-10-21,17101.82
2017-10-22,22890.19
2017-10-23,25349.25
2017-10-24,25677.06
2017-10-25,20672.87
2017-10-26,25578.34
2017-10-27,23158.06
2017-10-28,18922.48
2017-10-29,20055.170000000002
2017-10-30,22367.93
2017-10-31,26846.59
2017-11-01,22029.14
2017-11-02,23941.1
2017-11-03,26036.079999999998
2017-11-04,22143.8
2017-11-05,19974.68
2017-11-06,32303.57
2017-11-07,23597.58
2017-11-08,22737.78
2017-11-09,28334.46
2017-11-10,22038.23
2017-11-11,26174.91
2017-11-12,26001.98
2017-11-13,28691.3
2017-11-14,30932.52
2017-11-15,26699.87
2017-11-16,32360.42
2017-11-17,34105.08
2017-11-18,26770.36
2017-11-19,23312.6
2017-11-20,49373.81
2017-11-21,38509.62
2017-11-22,29647.81
2017-11-23,50034.37
2017-11-24,176599.36
2017-11-25,71179.18
2017-11-26,53080.51
2017-11-27,56097.3
2017-11-28,56063.4
2017-11-29,46840.2
2017-11-30,36539.26
2017-12-01,45360.95
2017-12-02,35425.58
2017-12-03,33785.43
2017-12-04,52182.95
2017-12-05,39455.12
2017-12-06,45490.24
2017-12-07,32795.48
2017-12-08,33352.97
2017-12-09,23639.52
2017-12-10,27782.87
2017-12-11,38608.63
2017-12-12,38107.58
2017-12-13,34127.22
2017-12-14,29508.73
2017-12-15,30935.6
2017-12-16,22741.65
2017-12-17,21959.75
2017-12-18,33560.55
2017-12-19,24134.51
2017-12-20,30792.42
2017-12-21,21247.44
2017-12-22,17182.8
2017-12-23,14198.82
2017-12-24,6653.69
2017-12-25,12289.87
2017-12-26,23280.78
2017-12-27,20789.49
2017-12-28,17358.5
2017-12-29,18620.09
2017-12-30,15201.6
2017-12-31,10131.2
2018-01-01,8307.36
2018-01-02,29410.510000000002
2018-01-03,35911.07
2018-01-04,39382.95
2018-01-05,31204.23
2018-01-06,32581.28
2018-01-07,33632.48
2018-01-08,45176.22
2018-01-09,35216.57
2018-01-10,43823.77
2018-01-11,46198.51
2018-01-12,36223.22
2018-01-13,32449.43
2018-01-14,35064.05
2018-01-15,44231.62
2018-01-16,49405.25
2018-01-17,41798.43
2018-01-18,32765.29
2018-01-19,32846.36
2018-01-20,26770.63
2018-01-21,26100.26
2018-01-22,43215.61
2018-01-23,39724.21
2018-01-24,36480.52
2018-01-25,34734.25
2018-01-26,38997.68
2018-01-27,24568.62
2018-01-28,27038.13
2018-01-29,35457.08
2018-01-30,34449.27
2018-01-31,37295.06
2018-02-01,35335.42
2018-02-02,32357.3
2018-02-03,27168.39
2018-02-04,27924.3
2018-02-05,42606.83
2018-02-06,39571.58
2018-02-07,36109.44
2018-02-08,31531.31
2018-02-09,34643.87
2018-02-10,24342.08
2018-02-11,25778.18
2018-02-12,27569.29
2018-02-13,27905.94
2018-02-14,42981.02
2018-02-15,37329.78
2018-02-16,31585.44
2018-02-17,29274.24
2018-02-18,28947.04
2018-02-19,33350.49
2018-02-20,42353.02
2018-02-21,37588.37
2018-02-22,37030.02
2018-02-23,33072.96
2018-02-24,27999.58
2018-02-25,34765.18
2018-02-26,49964.6
2018-02-27,46870.06
2018-02-28,52222.78
2018-03-01,45754.1
2018-03-02,37373.53
2018-03-03,31028.69
2018-03-04,37351.0
2018-03-05,44416.7
2018-03-06,45526.99
2018-03-07,42471.16
2018-03-08,33659.86
2018-03-09,33460.02
2018-03-10,30457.18
2018-03-11,36618.35
2018-03-12,35778.83
2018-03-13,41034.56
2018-03-14,28323.84
2018-03-15,49144.36
2018-03-16,38097.2
2018-03-17,23741.96
2018-03-18,36076.38
2018-03-19,52368.17
2018-03-20,42435.69
2018-03-21,46294.0
2018-03-22,36640.95
2018-03-23,32408.67
2018-03-24,27711.42
2018-03-25,30120.52
2018-03-26,41331.24
2018-03-27,40618.659999999996
2018-03-28,32520.9
2018-03-29,33411.48
2018-03-30,26069.07
2018-03-31,29053.17
2018-04-01,33888.62
2018-04-02,47181.78
2018-04-03,41946.54
2018-04-04,43567.82
2018-04-05,42167.63
2018-04-06,31957.97
2018-04-07,29014.86
2018-04-08,27883.61
2018-04-09,55782.82
2018-04-10,32535.28
2018-04-11,46264.22
2018-04-12,39945.38
2018-04-13,34835.61
2018-04-14,22305.81
2018-04-15,36399.37
2018-04-16,46913.96
2018-04-17,42431.770000000004
2018-04-18,46125.99
2018-04-19,49636.88
2018-04-20,32581.99
2018-04-21,22465.89
2018-04-22,31803.77
2018-04-23,44363.29
2018-04-24,49731.8
2018-04-25,47291.36
2018-04-26,36622.61
2018-04-27,46643.99
2018-04-28,26801.96
2018-04-29,22939.28
2018-04-30,40767.76
2018-05-01,38232.1
2018-05-02,43437.93
2018-05-03,48257.14
2018-05-04,45494.1
2018-05-05,32252.02
2018-05-06,32703.94
2018-05-07,61027.75
2018-05-08,54193.8
2018-05-09,50847.64
2018-05-10,57157.22
2018-05-11,43250.01
2018-05-12,33808.62
2018-05-13,36202.29
2018-05-14,61999.05
2018-05-15,49251.97
2018-05-16,64279.82
2018-05-17,35415.69
2018-05-18,35970.04
2018-05-19,28140.17
2018-05-20,22717.99
2018-05-21,28743.66
2018-05-22,31761.32
2018-05-23,20262.3
2018-05-24,22278.7
2018-05-25,18137.37
2018-05-26,16914.09
2018-05-27,14693.68
2018-05-28,30114.99
2018-05-29,29441.33
2018-05-30,22529.07
2018-05-31,28156.52
2018-06-01,37284.05
2018-06-02,28939.99
2018-06-03,32625.87
2018-06-04,34326.4
2018-06-05,36105.95
2018-06-06,32176.98
2018-06-07,42676.38
2018-06-08,31797.2
2018-06-09,34033.78
2018-06-10,30140.75
2018-06-11,57345.56
2018-06-12,46715.85
2018-06-13,41092.34
2018-06-14,32707.21
2018-06-15,31285.71
2018-06-16,29000.08
2018-06-17,20751.52
2018-06-18,40737.48
2018-06-19,39826.33
2018-06-20,34251.5
2018-06-21,33301.99
2018-06-22,28617.01
2018-06-23,21101.59
2018-06-24,29291.59
2018-06-25,41743.3
2018-06-26,37273.88
2018-06-27,32505.93
2018-06-28,38740.94
2018-06-29,25048.66
2018-06-30,18621.71
2018-07-01,29060.7
2018-07-02,29113.41
2018-07-03,31361.38
2018-07-04,41318.53
2018-07-05,33715.63
2018-07-06,22108.67
2018-07-07,11277.24
2018-07-08,17294.26
2018-07-09,23122.17
2018-07-10,22246.77
2018-07-11,21430.86
2018-07-12,22950.829999999998
2018-07-13,32529.39
2018-07-14,26099.55
2018-07-15,34432.93
2018-07-16,36542.5
2018-07-17,35030.38
2018-07-18,48787.99
2018-07-19,44911.25
2018-07-20,37905.62
2018-07-21,25194.23
2018-07-22,31012.06
2018-07-23,47703.79
2018-07-24,46945.58
2018-07-25,47792.54
2018-07-26,41323.11
2018-07-27,33331.12
2018-07-28,29802.29
2018-07-29,34476.09
2018-07-30,44460.74
2018-07-31,52805.64
2018-08-01,48282.25
2018-08-02,45252.19
2018-08-03,48945.08
2018-08-04,40895.12
2018-08-05,41492.99
2018-08-06,62923.11
2018-08-07,56385.88
2018-08-08,50832.62
2018-08-09,46283.2
2018-08-10,39444.44
2018-08-11,30565.72
2018-08-12,36739.75
2018-08-13,45811.26
2018-08-14,51138.46
2018-08-15,52134.86
2018-08-16,41699.15
2018-08-17,37584.04
2018-08-18,28698.1
2018-08-19,29989.35
2018-08-20,39830.07
2018-08-21,30830.68
2018-08-22,24262.62
2018-08-23,19522.579999999998
2018-08-24,11252.09
2018-08-25,11737.76
2018-08-26,9304.0
2018-08-27,6111.6
2018-08-28,4121.23
2018-08-29,1762.7
