ds,trend,yhat_lower,yhat_upper,trend_lower,trend_upper,Ano_Novo,Ano_Novo_lower,Ano_Novo_upper,Black_Friday,Black_Friday_lower,Black_Friday_upper,Carnaval,Carnaval_lower,Carnaval_upper,Criancas,Criancas_lower,Criancas_upper,Cyber_Monday,Cyber_Monday_lower,Cyber_Monday_upper,Dia_dos_Pais,Dia_dos_Pais_lower,Dia_dos_Pais_upper,Independencia,Independencia_lower,Independencia_upper,Labour_Day,Labour_Day_lower,Labour_Day_upper,Namorados,Namorados_lower,Namorados_upper,Natal,Natal_lower,Natal_upper,Pascoa,Pascoa_lower,Pascoa_upper,Tiradentes,Tiradentes_lower,Tiradentes_upper,additive_terms,additive_terms_lower,additive_terms_upper,holidays,holidays_lower,holidays_upper,monthly,monthly_lower,monthly_upper,weekly,weekly_lower,weekly_upper,yearly,yearly_lower,yearly_upper,multiplicative_terms,multiplicative_terms_lower,multiplicative_terms_upper,yhat
2018-09-01,39874.637465315805,28441.299363421836,41558.375886028174,39769.60613734983,39971.21808005363,0.0,0.0,0.0,0.0,0.0,0.0,0.0,0.0,0.0,0.0,0.0,0.0,0.0,0.0,0.0,0.0,0.0,0.0,0.0,0.0,0.0,0.0,0.0,0.0,0.0,0.0,0.0,0.0,0.0,0.0,0.0,0.0,0.0,0.0,0.0,0.0,-4812.9672611961905,-4812.9672611961905,-4812.9672611961905,0.0,0.0,0.0,973.7220397020504,973.7220397020504,973.7220397020504,-5946.296305795467,-5946.296305795467,-5946.296305795467,159.60700489722495,159.60700489722495,159.60700489722495,0.0,0.0,0.0,35061.67020411961
2018-09-02,39910.713914012995,29698.93883477298,42980.05669808664,39797.664747475326,40011.854336042954,0.0,0.0,0.0,0.0,0.0,0.0,0.0,0.0,0.0,0.0,0.0,0.0,0.0,0.0,0.0,0.0,0.0,0.0,0.0,0.0,0.0,0.0,0.0,0.0,0.0,0.0,0.0,0.0,0.0,0.0,0.0,0.0,0.0,0.0,0.0,0.0,-2871.3047425708073,-2871.3047425708073,-2871.3047425708073,0.0,0.0,0.0,996.5691629587664,996.5691629587664,996.5691629587664,-4335.859526213159,-4335.859526213159,-4335.859526213159,467.9856206835856,467.9856206835856,467.9856206835856,0.0,0.0,0.0,37039.40917144219
2018-09-03,39946.79036271018,39424.685109954364,52344.6841258059,39825.90007634559,40052.96752299996,0.0,0.0,0.0,0.0,0.0,0.0,0.0,0.0,0.0,0.0,0.0,0.0,0.0,0.0,0.0,0.0,0.0,0.0,0.0,0.0,0.0,0.0,0.0,0.0,0.0,0.0,0.0,0.0,0.0,0.0,0.0,0.0,0.0,0.0,0.0,0.0,6017.312976206919,6017.312976206919,6017.312976206919,0.0,0.0,0.0,1094.2714922879086,1094.2714922879086,1094.2714922879086,4203.539984509324,4203.539984509324,4203.539984509324,719.5014994096878,719.5014994096878,719.5014994096878,0.0,0.0,0.0,45964.1033389171
2018-09-04,39982.86681140735,39377.28395166005,52438.802246465275,39857.784140680036,40094.20730434518,0.0,0.0,0.0,0.0,0.0,0.0,0.0,0.0,0.0,0.0,0.0,0.0,0.0,0.0,0.0,0.0,0.0,0.0,0.0,0.0,0.0,0.0,0.0,0.0,0.0,0.0,0.0,0.0,0.0,0.0,0.0,0.0,0.0,0.0,0.0,0.0,5617.881134502721,5617.881134502721,5617.881134502721,0.0,0.0,0.0,1361.3279878888338,1361.3279878888338,1361.3279878888338,3347.8978975245045,3347.8978975245045,3347.8978975245045,908.6552490893811,908.6552490893811,908.6552490893811,0.0,0.0,0.0,45600.74794591007
2018-09-05,40018.94326010454,38533.9794491278,51516.95883841731,39889.533671455036,40136.59677837644,0.0,0.0,0.0,0.0,0.0,0.0,0.0,0.0,0.0,0.0,0.0,0.0,0.0,0.0,0.0,0.0,0.0,0.0,0.0,0.0,0.0,0.0,0.0,0.0,0.0,0.0,0.0,0.0,0.0,0.0,0.0,0.0,0.0,0.0,0.0,0.0,5085.58935184454,5085.58935184454,5085.58935184454,0.0,0.0,0.0,1577.6733750083945,1577.6733750083945,1577.6733750083945,2476.467799299758,2476.467799299758,2476.467799299758,1031.448177536387,1031.448177536387,1031.448177536387,0.0,0.0,0.0,45104.53261194908
2018-09-06,40055.01970880172,37438.18805734411,50109.83162902523,39921.46991967861,40181.09935606592,0.0,0.0,0.0,0.0,0.0,0.0,0.0,0.0,0.0,0.0,0.0,0.0,0.0,0.0,0.0,0.0,0.0,0.0,0.0,0.0,0.0,0.0,0.0,0.0,0.0,0.0,0.0,0.0,0.0,0.0,0.0,0.0,0.0,0.0,0.0,0.0,3766.696599927953,3766.696599927953,3766.696599927953,0.0,0.0,0.0,1461.2849659427768,1461.2849659427768,1461.2849659427768,1219.9357873465704,1219.9357873465704,1219.9357873465704,1085.4758466386056,1085.4758466386056,1085.4758466386056,0.0,0.0,0.0,43821.71630872968
2018-09-07,40091.09615749891,26223.207506845338,40212.64114330579,39952.7760753168,40222.27755085587,0.0,0.0,0.0,0.0,0.0,0.0,0.0,0.0,0.0,0.0,0.0,0.0,0.0,0.0,0.0,0.0,0.0,0.0,-8035.19299968224,-8035.19299968224,-8035.19299968224,0.0,0.0,0.0,0.0,0.0,0.0,0.0,0.0,0.0,0.0,0.0,0.0,0.0,0.0,0.0,-6949.996095313721,-6949.996095313721,-6949.996095313721,-8035.19299968224,-8035.19299968224,-8035.19299968224,980.8996075556392,980.8996075556392,980.8996075556392,-965.6856366663209,-965.6856366663209,-965.6856366663209,1069.9829334792007,1069.9829334792007,1069.9829334792007,0.0,0.0,0.0,33141.10006218519
2018-09-08,40127.17260619609,28883.85879619644,41932.92972488826,39981.698570719,40265.19901607723,0.0,0.0,0.0,0.0,0.0,0.0,0.0,0.0,0.0,0.0,0.0,0.0,0.0,0.0,0.0,0.0,0.0,0.0,0.0,0.0,0.0,0.0,0.0,0.0,0.0,0.0,0.0,0.0,0.0,0.0,0.0,0.0,0.0,0.0,0.0,0.0,-4549.83533017949,-4549.83533017949,-4549.83533017949,0.0,0.0,0.0,410.58287983395127,410.58287983395127,410.58287983395127,-5946.296305796929,-5946.296305796929,-5946.296305796929,985.878095783489,985.878095783489,985.878095783489,0.0,0.0,0.0,35577.337276016595
2018-09-09,40163.24905489328,30606.390890742907,42833.73126707147,40013.43380965172,40305.48319941317,0.0,0.0,0.0,0.0,0.0,0.0,0.0,0.0,0.0,0.0,0.0,0.0,0.0,0.0,0.0,0.0,0.0,0.0,0.0,0.0,0.0,0.0,0.0,0.0,0.0,0.0,0.0,0.0,0.0,0.0,0.0,0.0,0.0,0.0,0.0,0.0,-3420.6464669390252,-3420.6464669390252,-3420.6464669390252,0.0,0.0,0.0,79.504560884793,79.504560884793,79.504560884793,-4335.859526209174,-4335.859526209174,-4335.859526209174,835.7084983853564,835.7084983853564,835.7084983853564,0.0,0.0,0.0,36742.60258795425
2018-09-10,40199.325503590466,38361.94323359294,51613.642757847076,40044.11605727703,40347.465351394356,0.0,0.0,0.0,0.0,0.0,0.0,0.0,0.0,0.0,0.0,0.0,0.0,0.0,0.0,0.0,0.0,0.0,0.0,0.0,0.0,0.0,0.0,0.0,0.0,0.0,0.0,0.0,0.0,0.0,0.0,0.0,0.0,0.0,0.0,0.0,0.0,4906.5063232816165,4906.5063232816165,4906.5063232816165,0.0,0.0,0.0,79.37171435346768,79.37171435346768,79.37171435346768,4203.539984511191,4203.539984511191,4203.539984511191,623.594624416958,623.594624416958,623.594624416958,0.0,0.0,0.0,45105.83182687208
2018-09-11,40235.40195228765,37625.5153527504,50538.85213223698,40075.08758819554,40387.19699854763,0.0,0.0,0.0,0.0,0.0,0.0,0.0,0.0,0.0,0.0,0.0,0.0,0.0,0.0,0.0,0.0,0.0,0.0,0.0,0.0,0.0,0.0,0.0,0.0,0.0,0.0,0.0,0.0,0.0,0.0,0.0,0.0,0.0,0.0,0.0,0.0,3930.1945484850758,3930.1945484850758,3930.1945484850758,0.0,0.0,0.0,227.16970438909598,227.16970438909598,227.16970438909598,3347.8978975222844,3347.8978975222844,3347.8978975222844,355.1269465736959,355.1269465736959,355.1269465736959,0.0,0.0,0.0,44165.59650077272
2018-09-12,40271.47840098482,36751.487942453256,49382.69437378849,40107.43118205552,40429.49537911171,0.0,0.0,0.0,0.0,0.0,0.0,0.0,0.0,0.0,0.0,0.0,0.0,0.0,0.0,0.0,0.0,0.0,0.0,0.0,0.0,0.0,0.0,0.0,0.0,0.0,0.0,0.0,0.0,0.0,0.0,0.0,0.0,0.0,0.0,0.0,0.0,2824.194251200641,2824.194251200641,2824.194251200641,0.0,0.0,0.0,310.49950416273714,310.49950416273714,310.49950416273714,2476.4677992981674,2476.4677992981674,2476.4677992981674,37.22694773973641,37.22694773973641,37.22694773973641,0.0,0.0,0.0,43095.672652185465
2018-09-13,40307.55484968201,35186.4117788605,48514.62105603231,40138.421566658006,40471.45796701509,0.0,0.0,0.0,0.0,0.0,0.0,0.0,0.0,0.0,0.0,0.0,0.0,0.0,0.0,0.0,0.0,0.0,0.0,0.0,0.0,0.0,0.0,0.0,0.0,0.0,0.0,0.0,0.0,0.0,0.0,0.0,0.0,0.0,0.0,0.0,0.0,1242.6356275925828,1242.6356275925828,1242.6356275925828,0.0,0.0,0.0,344.7240055966784,344.7240055966784,344.7240055966784,1219.9357873427211,1219.9357873427211,1219.9357873427211,-322.0241653468168,-322.0241653468168,-322.0241653468168,0.0,0.0,0.0,41550.19047727459
2018-09-14,40343.6312983792,32625.000001303404,45686.55656203463,40166.04127786896,40513.07220123596,0.0,0.0,0.0,0.0,0.0,0.0,0.0,0.0,0.0,0.0,0.0,0.0,0.0,0.0,0.0,0.0,0.0,0.0,0.0,0.0,0.0,0.0,0.0,0.0,0.0,0.0,0.0,0.0,0.0,0.0,0.0,0.0,0.0,0.0,0.0,0.0,-1126.1887073540488,-1126.1887073540488,-1126.1887073540488,0.0,0.0,0.0,553.0818662086466,553.0818662086466,553.0818662086466,-965.6856366717791,-965.6856366717791,-965.6856366717791,-713.5849368909156,-713.5849368909156,-713.5849368909156,0.0,0.0,0.0,39217.44259102515
2018-09-15,40379.70774707638,28285.16185589784,40589.73817849077,40197.29750165178,40555.037256968215,0.0,0.0,0.0,0.0,0.0,0.0,0.0,0.0,0.0,0.0,0.0,0.0,0.0,0.0,0.0,0.0,0.0,0.0,0.0,0.0,0.0,0.0,0.0,0.0,0.0,0.0,0.0,0.0,0.0,0.0,0.0,0.0,0.0,0.0,0.0,0.0,-6004.75595388884,-6004.75595388884,-6004.75595388884,0.0,0.0,0.0,1069.2168818321688,1069.2168818321688,1069.2168818321688,-5946.296305791276,-5946.296305791276,-5946.296305791276,-1127.676529929734,-1127.676529929734,-1127.676529929734,0.0,0.0,0.0,34374.951793187545
2018-09-16,40415.784195773565,29513.27703591834,42989.79700515581,40228.09474165877,40598.094899085365,0.0,0.0,0.0,0.0,0.0,0.0,0.0,0.0,0.0,0.0,0.0,0.0,0.0,0.0,0.0,0.0,0.0,0.0,0.0,0.0,0.0,0.0,0.0,0.0,0.0,0.0,0.0,0.0,0.0,0.0,0.0,0.0,0.0,0.0,0.0,0.0,-4221.292457480454,-4221.292457480454,-4221.292457480454,0.0,0.0,0.0,1668.5906975833836,1668.5906975833836,1668.5906975833836,-4335.8595262051895,-4335.8595262051895,-4335.8595262051895,-1554.0236288586477,-1554.0236288586477,-1554.0236288586477,0.0,0.0,0.0,36194.49173829311
2018-09-17,40451.86064447075,37966.031680943044,50880.06064438596,40258.608983638434,40640.345742830665,0.0,0.0,0.0,0.0,0.0,0.0,0.0,0.0,0.0,0.0,0.0,0.0,0.0,0.0,0.0,0.0,0.0,0.0,0.0,0.0,0.0,0.0,0.0,0.0,0.0,0.0,0.0,0.0,0.0,0.0,0.0,0.0,0.0,0.0,0.0,0.0,4063.604722290588,4063.604722290588,4063.604722290588,0.0,0.0,0.0,1842.1723199221767,1842.1723199221767,1842.1723199221767,4203.539984517716,4203.539984517716,4203.539984517716,-1982.1075821493048,-1982.1075821493048,-1982.1075821493048,0.0,0.0,0.0,44515.46536676134
2018-09-18,40487.93709316793,36025.3663026911,49209.40083526929,40286.584763673294,40682.99431074291,0.0,0.0,0.0,0.0,0.0,0.0,0.0,0.0,0.0,0.0,0.0,0.0,0.0,0.0,0.0,0.0,0.0,0.0,0.0,0.0,0.0,0.0,0.0,0.0,0.0,0.0,0.0,0.0,0.0,0.0,0.0,0.0,0.0,0.0,0.0,0.0,2150.827746152009,2150.827746152009,2150.827746152009,0.0,0.0,0.0,1204.3555406331059,1204.3555406331059,1204.3555406331059,3347.897897525129,3347.897897525129,3347.897897525129,-2401.425692006226,-2401.425692006226,-2401.425692006226,0.0,0.0,0.0,42638.76483931994
2018-09-19,40524.01354186512,33973.618828377366,46150.13562095188,40317.69017158565,40724.613247350375,0.0,0.0,0.0,0.0,0.0,0.0,0.0,0.0,0.0,0.0,0.0,0.0,0.0,0.0,0.0,0.0,0.0,0.0,0.0,0.0,0.0,0.0,0.0,0.0,0.0,0.0,0.0,0.0,0.0,0.0,0.0,0.0,0.0,0.0,0.0,0.0,-444.78907631893725,-444.78907631893725,-444.78907631893725,0.0,0.0,0.0,-119.50647245619436,-119.50647245619436,-119.50647245619436,2476.4677993021583,2476.4677993021583,2476.4677993021583,-2801.750403164901,-2801.750403164901,-2801.750403164901,0.0,0.0,0.0,40079.22446554618
2018-09-20,40560.0899905623,31139.990907872667,43616.03561314936,40347.61130161433,40767.95330320358,0.0,0.0,0.0,0.0,0.0,0.0,0.0,0.0,0.0,0.0,0.0,0.0,0.0,0.0,0.0,0.0,0.0,0.0,0.0,0.0,0.0,0.0,0.0,0.0,0.0,0.0,0.0,0.0,0.0,0.0,0.0,0.0,0.0,0.0,0.0,0.0,-3459.075729823444,-3459.075729823444,-3459.075729823444,0.0,0.0,0.0,-1505.629380921791,-1505.629380921791,-1505.629380921791,1219.9357873494832,1219.9357873494832,1219.9357873494832,-3173.3821362511376,-3173.3821362511376,-3173.3821362511376,0.0,0.0,0.0,37101.014260738855
2018-09-21,40596.16643925948,27678.734378665107,40326.199745829144,40375.54317850986,40811.214665901025,0.0,0.0,0.0,0.0,0.0,0.0,0.0,0.0,0.0,0.0,0.0,0.0,0.0,0.0,0.0,0.0,0.0,0.0,0.0,0.0,0.0,0.0,0.0,0.0,0.0,0.0,0.0,0.0,0.0,0.0,0.0,0.0,0.0,0.0,0.0,0.0,-6752.507781136721,-6752.507781136721,-6752.507781136721,0.0,0.0,0.0,-2279.432492278741,-2279.432492278741,-2279.432492278741,-965.6856366708955,-965.6856366708955,-965.6856366708955,-3507.3896521870847,-3507.3896521870847,-3507.3896521870847,0.0,0.0,0.0,33843.65865812276
2018-09-22,40632.242887956665,21815.686380483476,35157.95894772672,40405.82995169524,40853.64217065251,0.0,0.0,0.0,0.0,0.0,0.0,0.0,0.0,0.0,0.0,0.0,0.0,0.0,0.0,0.0,0.0,0.0,0.0,0.0,0.0,0.0,0.0,0.0,0.0,0.0,0.0,0.0,0.0,0.0,0.0,0.0,0.0,0.0,0.0,0.0,0.0,-11971.948446466524,-11971.948446466524,-11971.948446466524,0.0,0.0,0.0,-2229.8200209116417,-2229.8200209116417,-2229.8200209116417,-5946.296305797868,-5946.296305797868,-5946.296305797868,-3795.832119757017,-3795.832119757017,-3795.832119757017,0.0,0.0,0.0,28660.294441490143
2018-09-23,40668.31933665385,24229.632889806308,36894.29924408491,40433.87617249875,40894.47858056361,0.0,0.0,0.0,0.0,0.0,0.0,0.0,0.0,0.0,0.0,0.0,0.0,0.0,0.0,0.0,0.0,0.0,0.0,0.0,0.0,0.0,0.0,0.0,0.0,0.0,0.0,0.0,0.0,0.0,0.0,0.0,0.0,0.0,0.0,0.0,0.0,-10109.250841686684,-10109.250841686684,-10109.250841686684,0.0,0.0,0.0,-1741.4338336530045,-1741.4338336530045,-1741.4338336530045,-4335.859526201206,-4335.859526201206,-4335.859526201206,-4031.9574818324736,-4031.9574818324736,-4031.9574818324736,0.0,0.0,0.0,30559.068494967163
2018-09-24,40704.39578535104,32066.336503754446,46262.76191411711,40459.65364621146,40939.987743153695,0.0,0.0,0.0,0.0,0.0,0.0,0.0,0.0,0.0,0.0,0.0,0.0,0.0,0.0,0.0,0.0,0.0,0.0,0.0,0.0,0.0,0.0,0.0,0.0,0.0,0.0,0.0,0.0,0.0,0.0,0.0,0.0,0.0,0.0,0.0,0.0,-1434.1590351605528,-1434.1590351605528,-1434.1590351605528,0.0,0.0,0.0,-1427.3267526837303,-1427.3267526837303,-1427.3267526837303,4203.539984509488,4203.539984509488,4203.539984509488,-4210.37226698631,-4210.37226698631,-4210.37226698631,0.0,0.0,0.0,39270.23675019048
2018-09-25,40740.472234048226,31877.249363282182,44770.163747169005,40486.150952964534,40978.72862606169,0.0,0.0,0.0,0.0,0.0,0.0,0.0,0.0,0.0,0.0,0.0,0.0,0.0,0.0,0.0,0.0,0.0,0.0,0.0,0.0,0.0,0.0,0.0,0.0,0.0,0.0,0.0,0.0,0.0,0.0,0.0,0.0,0.0,0.0,0.0,0.0,-2568.371336703565,-2568.371336703565,-2568.371336703565,0.0,0.0,0.0,-1589.0905747924328,-1589.0905747924328,-1589.0905747924328,3347.8978975234018,3347.8978975234018,3347.8978975234018,-4327.178659434533,-4327.178659434533,-4327.178659434533,0.0,0.0,0.0,38172.10089734466
2018-09-26,40776.5486827454,30733.240698338108,43788.23098756641,40513.674618607016,41019.39669304148,0.0,0.0,0.0,0.0,0.0,0.0,0.0,0.0,0.0,0.0,0.0,0.0,0.0,0.0,0.0,0.0,0.0,0.0,0.0,0.0,0.0,0.0,0.0,0.0,0.0,0.0,0.0,0.0,0.0,0.0,0.0,0.0,0.0,0.0,0.0,0.0,-3884.192556718011,-3884.192556718011,-3884.192556718011,0.0,0.0,0.0,-1980.5849502173564,-1980.5849502173564,-1980.5849502173564,2476.467799297349,2476.467799297349,2476.467799297349,-4380.075405798004,-4380.075405798004,-4380.075405798004,0.0,0.0,0.0,36892.35612602739
2018-09-27,40812.62513144259,29172.70241194646,42089.020797610065,40539.842405916206,41064.59259466178,0.0,0.0,0.0,0.0,0.0,0.0,0.0,0.0,0.0,0.0,0.0,0.0,0.0,0.0,0.0,0.0,0.0,0.0,0.0,0.0,0.0,0.0,0.0,0.0,0.0,0.0,0.0,0.0,0.0,0.0,0.0,0.0,0.0,0.0,0.0,0.0,-5217.137446646481,-5217.137446646481,-5217.137446646481,0.0,0.0,0.0,-2068.653249637947,-2068.653249637947,-2068.653249637947,1219.9357873505494,1219.9357873505494,1219.9357873505494,-4368.419984359083,-4368.419984359083,-4368.419984359083,0.0,0.0,0.0,35595.487684796106
2018-09-28,40848.70158013977,27632.971564976808,40461.15083734646,40568.281836300856,41110.42378784135,0.0,0.0,0.0,0.0,0.0,0.0,0.0,0.0,0.0,0.0,0.0,0.0,0.0,0.0,0.0,0.0,0.0,0.0,0.0,0.0,0.0,0.0,0.0,0.0,0.0,0.0,0.0,0.0,0.0,0.0,0.0,0.0,0.0,0.0,0.0,0.0,-6792.781091738425,-6792.781091738425,-6792.781091738425,0.0,0.0,0.0,-1533.8450836621287,-1533.8450836621287,-1533.8450836621287,-965.6856366826959,-965.6856366826959,-965.6856366826959,-4293.250371393599,-4293.250371393599,-4293.250371393599,0.0,0.0,0.0,34055.920488401345
2018-09-29,40884.778028836954,23526.817849564974,36001.43805238284,40600.138951064764,41157.04438219312,0.0,0.0,0.0,0.0,0.0,0.0,0.0,0.0,0.0,0.0,0.0,0.0,0.0,0.0,0.0,0.0,0.0,0.0,0.0,0.0,0.0,0.0,0.0,0.0,0.0,0.0,0.0,0.0,0.0,0.0,0.0,0.0,0.0,0.0,0.0,0.0,-10655.354374526913,-10655.354374526913,-10655.354374526913,0.0,0.0,0.0,-551.7923798029361,-551.7923798029361,-551.7923798029361,-5946.296305799329,-5946.296305799329,-5946.296305799329,-4157.265688924647,-4157.265688924647,-4157.265688924647,0.0,0.0,0.0,30229.42365431004
2018-09-30,40920.854477534136,26084.861270884656,39596.32650085947,40627.81838157139,41198.918750519064,0.0,0.0,0.0,0.0,0.0,0.0,0.0,0.0,0.0,0.0,0.0,0.0,0.0,0.0,0.0,0.0,0.0,0.0,0.0,0.0,0.0,0.0,0.0,0.0,0.0,0.0,0.0,0.0,0.0,0.0,0.0,0.0,0.0,0.0,0.0,0.0,-7919.486901104588,-7919.486901104588,-7919.486901104588,0.0,0.0,0.0,381.13861164080845,381.13861164080845,381.13861164080845,-4335.859526206443,-4335.859526206443,-4335.859526206443,-3964.7659865389523,-3964.7659865389523,-3964.7659865389523,0.0,0.0,0.0,33001.36757642955
